trafico,probabilidad_bloqueo
a,0.181168
b,0.355896
c,0.264733
d,0.243213
e,0.2433
f,0.355357
