trafico,probabilidad_bloqueo
a,0.200812
b,0.376494
c,0.294524
d,0.270847
e,0.270853
f,0.382296
