trafico,probabilidad_bloqueo
a,0.160782
b,0.332106
c,0.233534
d,0.214096
e,0.213725
f,0.324897
