trafico,probabilidad_bloqueo
a,0.139765
b,0.305829
c,0.201988
d,0.183466
e,0.183207
f,0.293449
