trafico,probabilidad_bloqueo
a,0.11671
b,0.277144
c,0.167655
d,0.151145
e,0.151373
f,0.259193
