trafico,probabilidad_bloqueo
a,0.219361
b,0.395385
c,0.322602
d,0.298048
e,0.298066
f,0.407303
