trafico,probabilidad_bloqueo
a,0.337103
b,0.507931
c,0.491103
d,0.465415
e,0.464611
f,0.560665
