trafico,probabilidad_bloqueo
a,0.253487
b,0.430403
c,0.371925
d,0.34691
e,0.346138
f,0.454435
