trafico,probabilidad_bloqueo
a,0.236626
b,0.4131
c,0.347403
d,0.322759
e,0.322295
f,0.43158
