trafico,probabilidad_bloqueo
a,0.348699
b,0.518021
c,0.507289
d,0.481276
e,0.481467
f,0.575424
