trafico,probabilidad_bloqueo
a,0.26905
b,0.446066
c,0.395351
d,0.369086
e,0.369042
f,0.474557
