trafico,probabilidad_bloqueo
a,0.298682
b,0.473012
c,0.437089
d,0.410391
e,0.410021
f,0.513047
