trafico,probabilidad_bloqueo
a,0.2837
b,0.459785
c,0.416516
d,0.390853
e,0.390712
f,0.494207
