trafico,probabilidad_bloqueo
a,0.359786
b,0.52741
c,0.522787
d,0.495774
e,0.495839
f,0.588892
