trafico,probabilidad_bloqueo
a,0.311562
b,0.485233
c,0.455792
d,0.4295
e,0.429832
f,0.529934
