trafico,probabilidad_bloqueo
a,0.324444
b,0.497228
c,0.474296
d,0.447569
e,0.447832
f,0.545526
