trafico,probabilidad_bloqueo
a,0.0087797
b,0.00439315
c,0.0233323
d,0.0171581
e,0.00884172
