trafico,probabilidad_bloqueo
a,0.00532513
b,0.0029263
c,0.0157496
d,0.010261
e,0.00602753
