trafico,probabilidad_bloqueo
a,0.0904593
b,0.198432
c,0.315026
d,0.175705
e,0.370034
