trafico,probabilidad_bloqueo
a,0.0135933
b,0.00725882
c,0.0378328
d,0.0272862
e,0.0145193
