trafico,probabilidad_bloqueo
a,0.0635807
b,0.165981
c,0.252744
d,0.123962
e,0.314391
