trafico,probabilidad_bloqueo
a,0.0508989
b,0.147405
c,0.220137
d,0.0999024
e,0.283288
