trafico,probabilidad_bloqueo
a,0.0204879
b,0.0102582
c,0.0538493
d,0.0396269
e,0.0204701
