trafico,probabilidad_bloqueo
a,0.00232815
b,0.000884382
c,0.00554572
d,0.00422391
e,0.00213093
