trafico,probabilidad_bloqueo
a,0.0269437
b,0.140371
c,0.162426
d,0.0530564
e,0.258951
