trafico,probabilidad_bloqueo
a,0.0385207
b,0.129728
c,0.18721
d,0.0765199
e,0.252298
