trafico,probabilidad_bloqueo
a,0.0772962
b,0.182911
c,0.285208
d,0.150422
e,0.344143
