trafico,probabilidad_bloqueo
a,0.00398463
b,0.0656231
c,0.0695921
d,0.00781587
e,0.127077
