trafico,probabilidad_bloqueo
a,0.0186726
b,0.122494
c,0.13761
d,0.0368464
e,0.227695
