trafico,probabilidad_bloqueo
a,0.0473971
b,0.174872
c,0.212812
d,0.0910444
e,0.316963
