trafico,probabilidad_bloqueo
a,0.131286
b,0.242409
c,0.396349
d,0.249803
e,0.439017
