trafico,probabilidad_bloqueo
a,0.144324
b,0.257112
c,0.419668
d,0.273075
e,0.4592
