trafico,probabilidad_bloqueo
a,0.118027
b,0.228812
c,0.370649
d,0.225478
e,0.417129
