trafico,probabilidad_bloqueo
a,0.134831
b,0.274326
c,0.37152
d,0.249017
e,0.472195
