trafico,probabilidad_bloqueo
a,0.228853
b,0.338106
c,0.549827
d,0.413551
e,0.572769
