trafico,probabilidad_bloqueo
a,0.11273
b,0.0747504
c,0.26402
d,0.213338
e,0.143342
