trafico,probabilidad_bloqueo
a,0.0588274
b,0.191189
c,0.237566
d,0.112717
e,0.343868
