trafico,probabilidad_bloqueo
a,0.104345
b,0.21404
c,0.343685
d,0.200876
e,0.393941
