trafico,probabilidad_bloqueo
a,0.0561671
b,0.0325221
c,0.144046
d,0.109083
e,0.0643142
