trafico,probabilidad_bloqueo
a,0.193902
b,0.306084
c,0.500947
d,0.358079
e,0.529678
