trafico,probabilidad_bloqueo
a,0.10129
b,0.0651654
c,0.2406
d,0.192678
e,0.126512
