trafico,probabilidad_bloqueo
a,0.217967
b,0.327939
c,0.534559
d,0.395807
e,0.559928
