trafico,probabilidad_bloqueo
a,0.206029
b,0.317544
c,0.518297
d,0.377732
e,0.545321
