trafico,probabilidad_bloqueo
a,0.0896658
b,0.056285
c,0.216678
d,0.171769
e,0.109536
