trafico,probabilidad_bloqueo
a,0.0709905
b,0.206344
c,0.261301
d,0.135529
e,0.368669
