trafico,probabilidad_bloqueo
a,0.0779022
b,0.0482808
c,0.193424
d,0.150343
e,0.0940851
