trafico,probabilidad_bloqueo
a,0.157204
b,0.270217
c,0.442181
d,0.29589
e,0.478662
