trafico,probabilidad_bloqueo
a,0.0364859
b,0.15806
c,0.188012
d,0.0702043
e,0.28884
