trafico,probabilidad_bloqueo
a,0.0839136
b,0.221322
c,0.284934
d,0.158626
e,0.392184
