trafico,probabilidad_bloqueo
a,0.0273135
b,0.0147169
c,0.0729492
d,0.053381
e,0.0291058
