trafico,probabilidad_bloqueo
a,0.147427
b,0.286512
c,0.389866
d,0.270906
e,0.48984
