trafico,probabilidad_bloqueo
a,0.124194
b,0.0841206
c,0.286566
d,0.233958
e,0.161258
