trafico,probabilidad_bloqueo
a,0.0361895
b,0.0202001
c,0.09606
d,0.0705625
e,0.0402684
