trafico,probabilidad_bloqueo
a,0.136215
b,0.0941842
c,0.308567
d,0.25434
e,0.17971
