trafico,probabilidad_bloqueo
a,0.096655
b,0.235384
c,0.308169
d,0.182223
e,0.414166
