trafico,probabilidad_bloqueo
a,0.0670559
b,0.039698
c,0.168015
d,0.128706
e,0.0773787
