trafico,probabilidad_bloqueo
a,0.182557
b,0.294861
c,0.483117
d,0.338317
e,0.513815
