trafico,probabilidad_bloqueo
a,0.169985
b,0.282367
c,0.463668
d,0.317682
e,0.497077
