trafico,probabilidad_bloqueo
a,0.0458175
b,0.0261431
c,0.119756
d,0.08912
e,0.0520652
