trafico,probabilidad_bloqueo
a,0.122359
b,0.261939
c,0.350801
d,0.227534
e,0.453435
