trafico,probabilidad_bloqueo
a,0.000796441
b,1.7452e-06
c,0.0209214
d,0.295554
e,0.295954
f,0.0015709
g,2.32767e-06
h,0.309863
i,0.502928
j,0.0409521
