trafico,probabilidad_bloqueo
a,0.00801024
b,8.87386e-05
c,0.0587119
d,0.386054
e,0.39033
f,0.015708
g,0.000185818
h,0.421052
i,0.622212
j,0.112766
