trafico,probabilidad_bloqueo
a,0.00294086
b,9.69009e-06
c,0.037631
d,0.34467
e,0.346082
f,0.00570762
g,1.87414e-05
h,0.36853
i,0.56982
j,0.0732611
