trafico,probabilidad_bloqueo
a,0.0120482
b,0.000224009
c,0.0703692
d,0.404013
e,0.410702
f,0.0236333
g,0.000446733
h,0.444983
i,0.643948
j,0.134427
