trafico,probabilidad_bloqueo
a,0.0310575
b,0.00172075
c,0.107566
d,0.449531
e,0.466042
f,0.0602235
g,0.00335768
h,0.507851
i,0.69641
j,0.201406
