trafico,probabilidad_bloqueo
a,0.102645
b,0.0258986
c,0.194994
d,0.522039
e,0.570132
f,0.192017
g,0.0500568
h,0.614388
i,0.771132
j,0.349518
