trafico,probabilidad_bloqueo
a,0.0692769
b,0.0105684
c,0.158236
d,0.495523
e,0.529549
f,0.131797
g,0.0206587
h,0.574357
i,0.744527
j,0.289454
