trafico,probabilidad_bloqueo
a,0.017291
b,0.000476012
c,0.0826396
d,0.420288
e,0.430058
f,0.0335644
g,0.00094714
h,0.467416
i,0.663444
j,0.156935
