trafico,probabilidad_bloqueo
a,0.0396062
b,0.00284668
c,0.120386
d,0.462226
e,0.482944
f,0.0764037
g,0.00567601
h,0.526183
i,0.710273
j,0.223686
