trafico,probabilidad_bloqueo
a,0.00500423
b,3.56593e-05
c,0.0476932
d,0.366506
e,0.369224
f,0.00983883
g,7.4919e-05
h,0.395928
i,0.598052
j,0.0925899
