trafico,probabilidad_bloqueo
a,0.00162399
b,3.56729e-06
c,0.0286006
d,0.321671
e,0.322069
f,0.00311184
g,6.45397e-06
h,0.340126
i,0.538523
j,0.0558552
