trafico,probabilidad_bloqueo
a,0.058797
b,0.00718888
c,0.145742
d,0.485143
e,0.514815
f,0.112488
g,0.0141854
h,0.559143
i,0.734327
j,0.268423
