trafico,probabilidad_bloqueo
a,0.0802907
b,0.0147277
c,0.170703
d,0.50481
e,0.543358
f,0.151738
g,0.0287206
h,0.588467
i,0.754365
j,0.30993
