trafico,probabilidad_bloqueo
a,0.0912185
b,0.0199222
c,0.183119
d,0.513578
e,0.557078
f,0.171814
g,0.0384984
h,0.60161
i,0.76263
j,0.330043
