trafico,probabilidad_bloqueo
a,0.0487885
b,0.00469477
c,0.132932
d,0.474498
e,0.498963
f,0.0939027
g,0.00919371
h,0.54324
i,0.723086
j,0.2458
