trafico,probabilidad_bloqueo
a,0.023512
b,0.00097251
c,0.0950702
d,0.435125
e,0.448249
f,0.045958
g,0.00187764
h,0.48824
i,0.681726
j,0.179072
