trafico,probabilidad_bloqueo
a,0.204698
b,0.462675
c,0.364881
d,0.570516
e,0.571207
f,0.709986
