trafico,probabilidad_bloqueo
a,0.222138
b,0.474801
c,0.392295
d,0.590183
e,0.590128
f,0.723807
