trafico,probabilidad_bloqueo
a,0.239161
b,0.487219
c,0.417869
d,0.607994
e,0.60789
f,0.735993
