trafico,probabilidad_bloqueo
a,0.186647
b,0.449099
c,0.335224
d,0.54994
e,0.549645
f,0.695553
