trafico,probabilidad_bloqueo
a,0.167466
b,0.434178
c,0.303995
d,0.527559
e,0.527256
f,0.679262
