trafico,probabilidad_bloqueo
a,0.335571
b,0.5525
c,0.555756
d,0.701687
e,0.701542
f,0.799202
