trafico,probabilidad_bloqueo
a,0.378351
b,0.581219
c,0.611513
d,0.73837
e,0.738186
f,0.823905
