trafico,probabilidad_bloqueo
a,0.311087
b,0.536375
c,0.522704
d,0.679177
e,0.679158
f,0.784136
