trafico,probabilidad_bloqueo
a,0.297899
b,0.527398
c,0.504218
d,0.667088
e,0.667155
f,0.776067
