trafico,probabilidad_bloqueo
a,0.357874
b,0.566772
c,0.585221
d,0.720897
e,0.720811
f,0.81249
