trafico,probabilidad_bloqueo
a,0.283864
b,0.518352
c,0.484835
d,0.653941
e,0.65336
f,0.766912
