trafico,probabilidad_bloqueo
a,0.254862
b,0.498242
c,0.441653
d,0.624196
e,0.624546
f,0.747122
