trafico,probabilidad_bloqueo
a,0.323702
b,0.544991
c,0.539944
d,0.690794
e,0.690807
f,0.791875
