trafico,probabilidad_bloqueo
a,0.368531
b,0.574579
c,0.599006
d,0.729927
e,0.730037
f,0.817958
