trafico,probabilidad_bloqueo
a,0.270365
b,0.508578
c,0.464299
d,0.639295
e,0.640092
f,0.757513
