trafico,probabilidad_bloqueo
a,0.346918
b,0.56042
c,0.571054
d,0.711404
e,0.711505
f,0.806001
