trafico,probabilidad_bloqueo
a,0.0121621
b,0.103034
c,0.113342
d,0.0237047
e,0.194831
