trafico,probabilidad_bloqueo
a,0.00738075
b,0.0842012
c,0.0907975
d,0.0143773
e,0.161211
