trafico,probabilidad_bloqueo
a,0.109679
b,0.248467
c,0.329558
d,0.205033
e,0.434148
