trafico,probabilidad_bloqueo
a,0.159632
b,0.297762
c,0.409045
d,0.291079
e,0.50583
