trafico,probabilidad_bloqueo
a,0.00637737
b,0.0737815
c,0.018193
d,0.00965426
e,0.0724732
