trafico,probabilidad_bloqueo
a,0.0326869
b,0.142189
c,0.0539062
d,0.0497437
e,0.144143
