trafico,probabilidad_bloqueo
a,0.0208447
b,0.120099
c,0.0390299
d,0.0320726
e,0.117792
