trafico,probabilidad_bloqueo
a,0.215487
b,0.360735
c,0.294039
d,0.335065
e,0.415781
