trafico,probabilidad_bloqueo
a,0.187387
b,0.334661
c,0.255703
d,0.29267
e,0.37888
