trafico,probabilidad_bloqueo
a,0.201203
b,0.347486
c,0.274676
d,0.314109
e,0.397836
