trafico,probabilidad_bloqueo
a,0.108356
b,0.25024
c,0.151153
d,0.170583
e,0.269409
