trafico,probabilidad_bloqueo
a,0.0607799
b,0.188552
c,0.0895643
d,0.0937465
e,0.194293
