trafico,probabilidad_bloqueo
a,0.0761643
b,0.210665
c,0.109836
d,0.118873
e,0.219904
