trafico,probabilidad_bloqueo
a,0.0451429
b,0.166193
c,0.0699138
d,0.0698583
e,0.168348
