trafico,probabilidad_bloqueo
a,0.0123966
b,0.0967969
c,0.0270245
d,0.0181462
e,0.0946224
