trafico,probabilidad_bloqueo
a,0.172149
b,0.319046
c,0.236503
d,0.269399
e,0.358366
