trafico,probabilidad_bloqueo
a,0.125293
b,0.269348
c,0.172702
d,0.195863
e,0.293377
