trafico,probabilidad_bloqueo
a,0.157027
b,0.303449
c,0.214963
d,0.246099
e,0.338031
