trafico,probabilidad_bloqueo
a,0.14106
b,0.286789
c,0.193842
d,0.221759
e,0.316784
