trafico,probabilidad_bloqueo
a,0.0927829
b,0.231753
c,0.130074
d,0.144935
e,0.245157
